columna,tipo_dato,nulos_conteo,nulos_pct,alerta_calidad
FECHA,datetime64[ns],0,0.0,OK
CODIGO,float64,0,0.0,OK
FLAG_MORA_TEMPRANA_8D_3M,int64,0,0.0,OK
NRO_ENTS_SF,float64,0,0.0,OK
NRO_ENTS_DIRECTA_SF,float64,0,0.0,OK
NRO_ENTS_DIRECT_1000_SF,float64,0,0.0,OK
NRO_ENTS_LT_TC_SF,float64,0,0.0,OK
NRO_ENTS_CONS_TC_SF,float64,0,0.0,OK
NRO_ENTS_CONS_DISPEFECT_TC_SF,float64,0,0.0,OK
NRO_ENTS_HIP_SF,float64,0,0.0,OK
NRO_ENTS_CONV_SF,float64,0,0.0,OK
NRO_ENTS_EMP_SF,float64,0,0.0,OK
NRO_ENTS_CONS_SF,float64,0,0.0,OK
NRO_EN_12M_ES_REPORTADO,float64,0,0.0,OK
VAR_12M_ES_30_ATRASO_SF,float64,0,0.0,OK
VAR_12M_ES_60_ATRASO_SF,float64,0,0.0,OK
VAR_12M_ES_90_ATRASO_SF,float64,0,0.0,OK
VAR_12M_ES_120_ATRASO_SF,float64,0,0.0,OK
VAR_12M_ES_DEF_O_PEOR_SF,float64,0,0.0,OK
VAR_12M_ES_DUD_O_PEOR_SF,float64,0,0.0,OK
VAR_12M_ES_PER_O_PEOR_SF,float64,0,0.0,OK
VAR_12M_NRO_ENTS_SF,float64,0,0.0,OK
VAR_12M_NRO_ENTS_DIRECTA_SF,float64,0,0.0,OK
VAR_12M_NRO_ENTS_DIRECT_1000_SF,float64,0,0.0,OK
VAR_12M_NRO_ENTS_LT_TC_SF,float64,0,0.0,OK
VAR_12M_NRO_ENTS_CONS_TC_SF,float64,0,0.0,OK
VAR_12M_NRO_ENTS_CONS_DISPEFECT_TC_SF,float64,0,0.0,OK
VAR_12M_NRO_ENTS_HIP_SF,float64,0,0.0,OK
VAR_12M_NRO_ENTS_CONV_SF,float64,0,0.0,OK
VAR_12M_NRO_ENTS_EMP_SF,float64,0,0.0,OK
VAR_12M_NRO_ENTS_CONS_SF,float64,0,0.0,OK
VAR_12M_PROM_DIRECTA_CNS_TC,float64,3041,13.81,AVISO
VAR_12M_MAX_DIRECTA_CNS_TC,float64,0,0.0,OK
VAR_12M_MED_DIRECTA_CNS_TC,float64,0,0.0,OK
VAR_12M_PROM_DIRECTA,float64,3041,13.81,AVISO
VAR_12M_MAX_DIRECTA,float64,0,0.0,OK
VAR_12M_MED_DIRECTA,float64,0,0.0,OK
VAR_12M_PROM_DIRECTA_CNS,float64,3041,13.81,AVISO
VAR_12M_MAX_DIRECTA_CNS,float64,0,0.0,OK
VAR_12M_MED_DIRECTA_CNS,float64,0,0.0,OK
VAR_12M_PROM_DEUDA,float64,3041,13.81,AVISO
VAR_12M_MAX_DEUDA,float64,0,0.0,OK
VAR_12M_MED_DEUDA,float64,0,0.0,OK
VAR_6M_PROM_DIRECTA_CNS_TC,float64,1455,6.61,AVISO
VAR_6M_MAX_DIRECTA_CNS_TC,float64,0,0.0,OK
VAR_6M_MED_DIRECTA_CNS_TC,float64,0,0.0,OK
VAR_6M_PROM_DIRECTA,float64,1455,6.61,AVISO
VAR_6M_MAX_DIRECTA,float64,0,0.0,OK
VAR_6M_MED_DIRECTA,float64,0,0.0,OK
