feature,iv_score,poder_predictivo,correlacion_target,seleccionada
NRO_ENTS_DIRECTA_SF,0.135343,Mediano,0.111417,True
VAR_12M_NRO_ENTS_DIRECTA_SF,0.109056,Mediano,0.090439,True
VAR_12M_NRO_ENTS_SF,0.104059,Mediano,0.089184,True
VAR_6M_MAX_DIRECTA,0.096754,Debil,0.046397,True
VAR_12M_NRO_ENTS_CONS_SF,0.087406,Debil,0.077403,True
VAR_12M_MED_DIRECTA_CNS,0.086754,Debil,0.022252,True
VAR_12M_MAX_DIRECTA_CNS,0.086534,Debil,0.002266,True
VAR_12M_NRO_ENTS_DIRECT_1000_SF,0.077638,Debil,0.079331,True
VAR_12M_PROM_DIRECTA_CNS,0.075247,Debil,0.029521,True
VAR_12M_MAX_DEUDA,0.069755,Debil,0.0352,True
NRO_ENTS_DIRECT_1000_SF,0.066721,Debil,0.083258,True
VAR_12M_MED_DEUDA,0.066261,Debil,0.047568,True
VAR_6M_PROM_DIRECTA,0.060305,Debil,0.057256,True
VAR_12M_MAX_DIRECTA,0.057125,Debil,0.033057,True
NRO_ENTS_CONS_SF,0.053742,Debil,0.096689,True
VAR_12M_MED_DIRECTA,0.053567,Debil,0.043936,True
VAR_6M_MED_DIRECTA,0.052546,Debil,0.05136,True
VAR_12M_PROM_DEUDA,0.05154,Debil,0.052174,True
NRO_ENTS_SF,0.049622,Debil,0.095378,True
VAR_12M_PROM_DIRECTA,0.048431,Debil,0.048443,True
VAR_12M_MED_DIRECTA_CNS_TC,0.044558,Debil,0.021155,True
VAR_12M_NRO_ENTS_CONS_TC_SF,0.042245,Debil,0.060952,True
VAR_12M_MAX_DIRECTA_CNS_TC,0.040361,Debil,0.011934,True
NRO_ENTS_EMP_SF,0.038033,Debil,0.027857,True
VAR_12M_PROM_DIRECTA_CNS_TC,0.037713,Debil,0.028742,True
VAR_6M_MAX_DIRECTA_CNS_TC,0.037453,Debil,0.007132,True
VAR_6M_MED_DIRECTA_CNS_TC,0.037187,Debil,0.02646,True
VAR_12M_NRO_ENTS_EMP_SF,0.03585,Debil,0.042293,True
VAR_6M_PROM_DIRECTA_CNS_TC,0.033528,Debil,0.023846,True
VAR_12M_NRO_ENTS_LT_TC_SF,0.031533,Debil,0.053611,True
NRO_ENTS_CONS_TC_SF,0.014261,Impredecible,0.065309,False
NRO_ENTS_LT_TC_SF,0.009877,Impredecible,0.045807,False
VAR_12M_NRO_ENTS_CONS_DISPEFECT_TC_SF,0.009296,Impredecible,0.023852,False
VAR_12M_ES_DEF_O_PEOR_SF,0.008227,Impredecible,0.019689,False
NRO_EN_12M_ES_REPORTADO,0.004669,Impredecible,-0.022511,False
VAR_12M_ES_30_ATRASO_SF,0.004625,Impredecible,0.014135,False
VAR_12M_ES_90_ATRASO_SF,0.0015,Impredecible,0.012916,False
VAR_12M_ES_DUD_O_PEOR_SF,0.000997,Impredecible,0.012312,False
VAR_12M_NRO_ENTS_CONV_SF,0.000645,Impredecible,0.001309,False
VAR_12M_ES_120_ATRASO_SF,0.000516,Impredecible,0.010925,False
VAR_12M_ES_60_ATRASO_SF,0.000353,Impredecible,0.010062,False
VAR_12M_ES_PER_O_PEOR_SF,0.000296,Impredecible,0.00692,False
VAR_12M_NRO_ENTS_HIP_SF,3e-06,Impredecible,0.004816,False
NRO_ENTS_CONV_SF,0.0,Impredecible,0.007138,False
NRO_ENTS_HIP_SF,0.0,Impredecible,0.00227,False
NRO_ENTS_CONS_DISPEFECT_TC_SF,0.0,Impredecible,0.035728,False
